Day of Week,Unique viewers
Friday,266.2692307692308
Monday,308.0
Saturday,245.44230769230768
Sunday,277.8679245283019
Thursday,299.78846153846155
Tuesday,304.15384615384613
Wednesday,309.86538461538464
